ano_nasc,uf_res,nascidos_vivos,com_aih_vinculada,chave_unica
2009,AC,16892,94,4321
2009,AL,55471,373,17480
2009,AM,75729,209,12220
2009,AP,14298,28,2010
2009,BA,217727,2793,68467
2009,CE,131393,836,33422
2009,DF,43932,0,7
2009,ES,51457,529,11518
2009,GO,87485,760,22673
2009,MA,123635,1783,37949
2009,MG,252676,2482,84870
2009,MS,40274,359,11803
2009,MT,48477,508,16481
2009,PA,143140,1224,27566
2009,PB,60021,580,24569
2009,PE,141815,833,34453
2009,PI,50996,735,22825
2009,PR,149217,1724,43930
2009,RJ,216625,460,13472
2009,RN,48931,509,17521
2009,RO,26083,396,7512
2009,RR,9673,66,2470
2009,RS,133652,1352,39755
2009,SC,83489,974,28164
2009,SE,35109,222,11425
2009,SP,598473,2579,76175
2009,TO,24911,290,11892
2010,AC,16495,163,4091
2010,AL,54164,696,17495
2010,AM,74188,324,12352
2010,AP,15008,56,2098
2010,BA,212201,4624,67023
2010,CE,128831,1441,33235
2010,DF,44251,0,12
2010,ES,51853,839,11424
2010,GO,87476,1205,22447
2010,MA,119566,2872,37577
2010,MG,255126,4011,85525
2010,MS,40132,662,11464
2010,MT,48929,840,16289
2010,PA,140687,2083,27707
2010,PB,58699,966,23946
2010,PE,136591,1354,33831
2010,PI,49424,1234,21852
2010,PR,152051,3000,44111
2010,RJ,215262,777,13666
2010,RN,47668,860,16973
2010,RO,25835,653,7533
2010,RR,9738,93,2336
2010,RS,133243,2189,39720
2010,SC,84611,1634,28884
2010,SE,34016,338,11185
2010,SP,601352,4218,75546
2010,TO,24471,416,11575
2011,AC,17817,241,4279
2011,AL,54281,961,17317
2011,AM,76202,452,12186
2011,AP,15114,106,2205
2011,BA,215032,6894,67463
2011,CE,128592,2105,32551
2011,DF,43465,0,5
2011,ES,53053,1231,11298
2011,GO,89742,1605,21940
2011,MA,121109,4374,37633
2011,MG,259863,5940,85499
2011,MS,42152,957,11469
2011,MT,51218,1213,16428
2011,PA,141974,2953,27542
2011,PB,58741,1366,23459
2011,PE,140079,1940,33292
2011,PI,50144,1845,21913
2011,PR,152902,4001,43901
2011,RJ,220603,1035,13471
2011,RN,48101,1133,16849
2011,RO,27658,873,7284
2011,RR,9945,134,2436
2011,RS,137710,2938,39294
2011,SC,87481,2302,28792
2011,SE,34925,532,11334
2011,SP,610222,5989,75197
2011,TO,25035,636,11540
2012,AC,16700,320,4358
2012,AL,52510,1389,16844
2012,AM,77434,707,12503
2012,AP,14895,126,2234
2012,BA,209999,9327,66297
2012,CE,126868,2891,32189
2012,DF,43497,0,9
2012,ES,52835,1505,11355
2012,GO,93274,2193,22731
2012,MA,116039,5797,37072
2012,MG,260544,7487,84252
2012,MS,42252,1247,11654
2012,MT,51256,1648,16513
2012,PA,137837,3915,27600
2012,PB,56770,1792,22863
2012,PE,141382,2758,33018
2012,PI,47962,2284,21019
2012,PR,153945,5364,43248
2012,RJ,222859,1428,13484
2012,RN,46993,1518,16384
2012,RO,26513,1209,7240
2012,RR,10601,206,2536
2012,RS,138941,3968,39196
2012,SC,88772,3027,29080
2012,SE,34108,683,11203
2012,SP,616608,7727,75179
2012,TO,24395,835,11183
2013,AC,17075,426,4202
2013,AL,52488,1860,16960
2013,AM,79041,1047,12639
2013,AP,15710,211,2296
2013,BA,203342,11487,63924
2013,CE,124876,3911,31890
2013,DF,44530,0,17
2013,ES,54065,1959,11304
2013,GO,94822,2700,22522
2013,MA,115000,7842,37215
2013,MG,258635,9597,82764
2013,MS,42296,1747,11526
2013,MT,53039,2172,16573
2013,PA,139416,5186,27320
2013,PB,56854,2396,22862
2013,PE,141453,3425,32739
2013,PI,46419,2830,20398
2013,PR,155758,7005,43456
2013,RJ,224031,1750,13463
2013,RN,46798,1888,16133
2013,RO,27097,1497,7301
2013,RR,10814,266,2604
2013,RS,141350,5220,39777
2013,SC,89875,3881,28934
2013,SE,34228,897,11213
2013,SP,610896,9666,74723
2013,TO,24119,1259,11082
2014,AC,17139,618,4237
2014,AL,51859,2589,16721
2014,AM,81145,1525,12583
2014,AP,16271,304,2345
2014,BA,204034,14139,63147
2014,CE,128681,5287,31809
2014,DF,44721,14,7
2014,ES,56548,2451,11436
2014,GO,99798,3576,22804
2014,MA,117071,9584,37255
2014,MG,267130,13153,83998
2014,MS,44058,2430,11602
2014,MT,56499,3070,16875
2014,PA,143503,6995,27702
2014,PB,57535,3128,23189
2014,PE,143489,4811,32386
2014,PI,47941,3612,20705
2014,PR,159915,9202,44535
2014,RJ,233584,2599,13641
2014,RN,48111,2417,16489
2014,RO,27560,1855,7242
2014,RR,11120,459,2600
2014,RS,143315,7333,40083
2014,SC,93232,5103,29553
2014,SE,34369,1121,11128
2014,SP,625687,12837,74839
2014,TO,24944,1712,10776
2015,AC,16980,739,4147
2015,AL,52257,4430,16746
2015,AM,80097,1844,12638
2015,AP,15750,449,2375
2015,BA,206655,17638,63099
2015,CE,132516,9560,31785
2015,DF,46122,75,13
2015,ES,56941,3620,11442
2015,GO,100672,5419,22818
2015,MA,117564,11483,37212
2015,MG,268305,21527,83663
2015,MS,44142,3137,11480
2015,MT,56673,4180,16923
2015,PA,143657,9117,27213
2015,PB,59089,4601,23273
2015,PE,145024,10575,33041
2015,PI,49253,4681,21222
2015,PR,160947,13839,44454
2015,RJ,236960,4928,13547
2015,RN,49099,3735,16669
2015,RO,27918,2374,7270
2015,RR,11412,712,2704
2015,RS,148359,11757,40737
2015,SC,97223,7820,29916
2015,SE,34917,2499,11161
2015,SP,634026,22609,75744
2015,TO,25110,2521,10986
2016,AC,15773,738,4109
2016,AL,48164,4569,16287
2016,AM,76703,1954,12559
2016,AP,15521,424,2284
2016,BA,199830,17386,62365
2016,CE,126246,10322,31373
2016,DF,43340,75,4
2016,ES,53413,3762,11350
2016,GO,95563,5857,22728
2016,MA,110493,11160,36307
2016,MG,253520,21805,82537
2016,MS,42432,3194,11497
2016,MT,53531,3955,16425
2016,PA,137681,9089,27527
2016,PB,56083,4434,22484
2016,PE,130733,10871,31715
2016,PI,46986,4541,20764
2016,PR,155066,14307,44337
2016,RJ,219129,4995,13501
2016,RN,45366,3604,15801
2016,RO,26602,2424,7273
2016,RR,11376,773,2616
2016,RS,141411,11350,40172
2016,SC,95313,7795,29980
2016,SE,32218,2577,10707
2016,SP,601437,22617,74477
2016,TO,23870,2469,10662
2017,AC,16358,800,4421
2017,AL,50368,4703,16488
2017,AM,78066,2157,12927
2017,AP,15399,499,2332
2017,BA,204096,17903,63139
2017,CE,127797,10813,31745
2017,DF,44568,168,8
2017,ES,55846,4087,11718
2017,GO,97520,6654,22763
2017,MA,112985,11665,36764
2017,MG,260959,22884,83491
2017,MS,44747,3201,11653
2017,MT,57271,4210,16989
2017,PA,138684,9314,27137
2017,PB,57493,4782,22714
2017,PE,135932,11114,32101
2017,PI,48551,4734,20904
2017,PR,157701,14651,44752
2017,RJ,223224,5450,13395
2017,RN,46222,3610,16044
2017,RO,27503,2352,7116
2017,RR,11737,823,2722
2017,RS,141568,11667,40912
2017,SC,98335,8290,30505
2017,SE,33867,2711,10930
2017,SP,611803,24361,74906
2017,TO,24935,2497,10908
2018,AC,16543,749,4258
2018,AL,52496,4524,16994
2018,AM,78087,2058,12760
2018,AP,15864,547,2539
2018,BA,205332,17213,63002
2018,CE,131491,11471,32373
2018,DF,44195,794,11
2018,ES,56721,3866,11744
2018,GO,98872,6882,22603
2018,MA,117156,11417,37259
2018,MG,263640,23045,84409
2018,MS,44275,3128,11710
2018,MT,58649,4264,16822
2018,PA,141819,9442,27647
2018,PB,60205,4745,23443
2018,PE,138317,11025,32536
2018,PI,49490,4744,21197
2018,PR,156201,15315,44720
2018,RJ,220499,5231,13788
2018,RN,48107,3664,16385
2018,RO,28091,2285,7126
2018,RR,13344,774,2801
2018,RS,140047,11650,41155
2018,SC,99609,8182,30728
2018,SE,34256,2693,10771
2018,SP,606146,23426,74981
2018,TO,25480,2327,11001
2019,AC,16280,708,4206
2019,AL,49803,4140,16506
2019,AM,77622,2093,12714
2019,AP,15356,571,2558
2019,BA,197249,15353,61963
2019,CE,129185,11176,32007
2019,DF,42422,781,9
2019,ES,54925,3505,11942
2019,GO,96112,6554,22458
2019,MA,113317,10249,36619
2019,MG,256892,21866,83604
2019,MS,43695,2860,11504
2019,MT,58852,3855,16831
2019,PA,138341,8485,27447
2019,PB,57701,4571,22955
2019,PE,133359,10485,32101
2019,PI,47933,4356,20778
2019,PR,153469,13555,44156
2019,RJ,207989,5008,13487
2019,RN,44031,3622,16072
2019,RO,27028,2212,7175
2019,RR,14620,806,2951
2019,RS,134596,10857,40489
2019,SC,98032,7675,30904
2019,SE,32697,2510,10694
2019,SP,583191,22622,74362
2019,TO,24449,2368,10711
2020,AC,15142,695,4176
2020,AL,48341,3482,16576
2020,AM,75635,2104,12756
2020,AP,14633,552,2607
2020,BA,188960,13980,61303
2020,CE,121904,10475,31510
2020,DF,39361,834,5
2020,ES,53767,3413,11834
2020,GO,92768,6298,22320
2020,MA,106079,9485,36082
2020,MG,247198,20019,82694
2020,MS,41308,2567,11159
2020,MT,57037,3534,16565
2020,PA,132938,8226,27813
2020,PB,56379,4299,22883
2020,PE,128481,10729,31988
2020,PI,45229,3953,19791
2020,PR,146291,12376,43153
2020,RJ,199124,4888,13562
2020,RN,43531,3343,15995
2020,RO,25798,1894,6914
2020,RR,13760,754,2824
2020,RS,130742,9800,40633
2020,SC,97916,6806,30573
2020,SE,31784,2212,10545
2020,SP,552310,21282,73786
2020,TO,23729,2203,10392
2021,AC,15699,763,4355
2021,AL,48808,3595,16560
2021,AM,78454,2113,12620
2021,AP,14993,607,2492
2021,BA,185459,14205,61474
2021,CE,120266,10777,31250
2021,DF,38035,949,6
2021,ES,52493,3643,11674
2021,GO,90961,6388,21967
2021,MA,108667,9582,35813
2021,MG,242136,20512,82843
2021,MS,42173,2708,11498
2021,MT,57841,3640,16763
2021,PA,137129,8524,27566
2021,PB,56049,4265,22887
2021,PE,126211,11627,31987
2021,PI,45978,4263,20793
2021,PR,141976,12234,42742
2021,RJ,189866,5146,13485
2021,RN,43430,3254,15923
2021,RO,25439,1863,6841
2021,RR,13901,908,2913
2021,RS,124446,10141,40149
2021,SC,96499,6929,30720
2021,SE,31206,2155,10729
2021,SP,525239,21884,72978
2021,TO,23747,2264,10547
2022,RO,24901,1833,6822
2022,AM,72519,2071,12677
2022,MT,58169,3390,16926
2022,RR,13091,868,2797
2022,SP,512520,21323,72466
2022,PR,140637,11936,42764
2022,PA,128000,8187,27111
2022,ES,51729,3553,11533
2022,CE,112308,9929,30362
2022,AC,14483,711,4119
2022,RJ,180369,5053,13492
2022,RS,120942,10089,40087
2022,SC,98202,7234,30631
2022,MA,97964,8612,34509
2022,TO,22549,2279,10107
2022,AP,13615,573,2383
2022,DF,35928,1030,5
2022,PI,42247,3911,19236
2022,GO,89745,6870,21989
2022,MG,235063,20079,81478
2022,AL,45742,3661,15855
2022,PE,117437,11739,30766
2022,BA,173824,13097,58695
2022,RN,40037,3309,15137
2022,PB,50892,3983,20961
2022,MS,40485,2650,11217
2022,SE,28524,2435,10016
2023,RO,23921,1596,6762
2023,AM,70453,1983,12601
2023,MT,58553,3096,16802
2023,MS,40233,2394,11216
2023,AC,14473,657,4153
2023,PI,42144,3742,19145
2023,BA,170314,12120,58247
2023,MG,233918,20084,81180
2023,PR,139836,11148,42612
2023,PA,126152,7165,27052
2023,RR,13105,725,2849
2023,RJ,176145,5162,13506
2023,CE,111091,9360,29671
2023,DF,35551,1146,1
2023,RN,39440,3186,14927
2023,MA,97205,7407,34261
2023,TO,23145,2174,10350
2023,AP,12948,556,2314
2023,SP,503910,20318,72280
2023,SC,96802,6846,30751
2023,GO,91822,7637,21957
2023,PE,116175,11872,30711
2023,SE,29005,2510,10182
2023,PB,51531,3916,21078
2023,AL,46543,3686,16285
2023,RS,120974,9451,40389
2023,ES,52187,3334,11777
2024,RO,21716,1254,6489
2024,BA,160002,9284,56615
2024,MT,55310,2160,16063
2024,AC,13101,355,3966
2024,AM,65950,1387,12416
2024,TO,21920,1679,9810
2024,MS,37908,1722,10980
2024,GO,88867,7046,21584
2024,PR,131027,8264,41414
2024,PA,118566,5188,27108
2024,RR,12090,237,2848
2024,RS,111988,6837,38961
2024,CE,105453,7429,29058
2024,SP,470887,17222,70915
2024,MA,92173,5210,33633
2024,AP,12327,390,2298
2024,PB,49376,3201,20615
2024,RJ,163722,4008,13380
2024,SC,93787,5624,30164
2024,PI,39697,3566,18559
2024,DF,33282,1242,7
2024,PE,110827,10745,30186
2024,AL,45436,3062,16153
2024,RN,36612,2879,14197
2024,MG,219819,16234,78504
2024,SE,27545,1649,9735
2024,ES,49937,2574,11558
